"Rider","Year","Riding_Time_hrs"
"Adam Hansen",2010,151.271111111111
"Adam Hansen",2011,161.565277777778
"Adam Hansen",2012,201.697777777778
"Adam Hansen",2013,187.403888888889
"Adam Hansen",2014,170.351111111111
"Adam Hansen",2015,154.3175
"Adam Hansen",2016,158.378333333333
"Adam Yates",2010,21.3058333333333
"Adam Yates",2011,40.7066666666667
"Adam Yates",2012,5.00611111111111
"Adam Yates",2013,0
"Adam Yates",2014,192.819722222222
"Adam Yates",2015,93.0338888888889
"Adam Yates",2016,113.138888888889
"Adrien Petit",2010,48.5136111111111
"Adrien Petit",2011,111.008333333333
"Adrien Petit",2012,124.198611111111
"Adrien Petit",2013,94.8841666666667
"Adrien Petit",2014,144.620833333333
"Adrien Petit",2015,173.205277777778
"Adrien Petit",2016,158.543888888889
"Alberto Losada",2010,61.2141666666667
"Alberto Losada",2011,32.2666666666667
"Alberto Losada",2012,6.37555555555556
"Alberto Losada",2013,24.0152777777778
"Alberto Losada",2014,16.3805555555556
"Alberto Losada",2016,83.9983333333333
"Albert Timmer",2010,149.874722222222
"Albert Timmer",2011,164.149444444444
"Albert Timmer",2012,131.367222222222
"Albert Timmer",2013,221.973888888889
"Albert Timmer",2014,214.524444444444
"Albert Timmer",2015,131.047222222222
"Albert Timmer",2016,119.942777777778
"Alejandro Valverde",2010,134.106388888889
"Alejandro Valverde",2012,71.4608333333333
"Alejandro Valverde",2013,8.22055555555556
"Alejandro Valverde",2014,8.59861111111111
"Alejandro Valverde",2015,125.833055555556
"Alejandro Valverde",2016,133.206666666667
"Alexander Kristoff",2010,124.845
"Alexander Kristoff",2011,185.299166666667
"Alexander Kristoff",2012,202.911111111111
"Alexander Kristoff",2013,124.76
"Alexander Kristoff",2014,196.083611111111
"Alexander Kristoff",2015,209.636111111111
"Alexander Kristoff",2016,155.315277777778
"Alexey Lutsenko",2010,38.8833333333333
"Alexey Lutsenko",2011,58.3747222222222
"Alexey Lutsenko",2012,55.8975
"Alexey Lutsenko",2013,115.596388888889
"Alexey Lutsenko",2014,73.4455555555556
"Alexey Lutsenko",2015,115.565555555556
"Alexey Lutsenko",2016,130.575277777778
"Alex Howes",2010,52.2583333333333
"Alex Howes",2011,90.3277777777778
"Alex Howes",2012,150.810277777778
"Alex Howes",2013,99.4005555555556
"Alex Howes",2014,136.479444444444
"Alex Howes",2015,152.711388888889
"Alex Howes",2016,170.562777777778
"Alexis Gougeard",2011,4.91055555555556
"Alexis Gougeard",2012,10.2380555555556
"Alexis Gougeard",2013,9.895
"Alexis Gougeard",2014,97.705
"Alexis Gougeard",2015,86.4741666666667
"Alexis Gougeard",2016,95.6908333333333
"Alexis Vuillermoz",2010,13.6477777777778
"Alexis Vuillermoz",2011,12.5413888888889
"Alexis Vuillermoz",2012,1.62722222222222
"Alexis Vuillermoz",2013,68.5366666666667
"Alexis Vuillermoz",2014,213.977777777778
"Alexis Vuillermoz",2015,155.793333333333
"Alexis Vuillermoz",2016,123.578055555556
"Amael Moinard",2010,190.379166666667
"Amael Moinard",2011,228.463611111111
"Amael Moinard",2012,147.599444444444
"Amael Moinard",2013,139.389166666667
"Amael Moinard",2014,167.458055555556
"Amael Moinard",2015,204.879444444444
"Amael Moinard",2016,164.988888888889
"Andreas Schillinger",2010,140.6
"Andreas Schillinger",2011,101.765
"Andreas Schillinger",2012,203.190833333333
"Andreas Schillinger",2013,147.331111111111
"Andreas Schillinger",2014,150.718888888889
"Andreas Schillinger",2015,121.716388888889
"Andreas Schillinger",2016,102.102777777778
"Andre Greipel",2010,209.848055555556
"Andre Greipel",2011,164.396666666667
"Andre Greipel",2012,191.067777777778
"Andre Greipel",2013,147.248055555556
"Andre Greipel",2014,163.156388888889
"Andre Greipel",2015,191.522777777778
"Andre Greipel",2016,157.513333333333
"Andriy Grivko",2010,208.5375
"Andriy Grivko",2011,165.165277777778
"Andriy Grivko",2012,91.6602777777778
"Andriy Grivko",2013,107.570833333333
"Andriy Grivko",2014,106.483611111111
"Andriy Grivko",2015,151.955
"Andriy Grivko",2016,169.208333333333
"Angel Vicioso",2010,59.3175
"Angel Vicioso",2011,26.4422222222222
"Angel Vicioso",2012,3.97333333333333
"Angel Vicioso",2013,24.2158333333333
"Angel Vicioso",2015,115.902222222222
"Angel Vicioso",2016,105.722222222222
"Anthony Delaplace",2010,132.093055555556
"Anthony Delaplace",2011,135.607777777778
"Anthony Delaplace",2012,150.688888888889
"Anthony Delaplace",2013,134.380833333333
"Anthony Delaplace",2014,130.523333333333
"Anthony Delaplace",2015,104.937222222222
"Anthony Delaplace",2016,131.100833333333
"Anthony Roux",2010,153.905
"Anthony Roux",2011,139.695
"Anthony Roux",2012,125.764444444444
"Anthony Roux",2013,146.589166666667
"Anthony Roux",2014,172.744722222222
"Anthony Roux",2015,214.6575
"Anthony Roux",2016,163.181388888889
"Antoine Duchesne",2010,15.3616666666667
"Antoine Duchesne",2011,69.6847222222222
"Antoine Duchesne",2012,37.3383333333333
"Antoine Duchesne",2013,54.2894444444444
"Antoine Duchesne",2014,77.5063888888889
"Antoine Duchesne",2015,146.6825
"Antoine Duchesne",2016,139.230555555556
"Armindo Fonseca",2010,54.7241666666667
"Armindo Fonseca",2011,107.278055555556
"Armindo Fonseca",2012,159.751111111111
"Armindo Fonseca",2013,144.062222222222
"Armindo Fonseca",2014,137.029444444444
"Armindo Fonseca",2015,203.674722222222
"Armindo Fonseca",2016,90.3794444444444
"Arnold Jeannesson",2010,155.158888888889
"Arnold Jeannesson",2011,160.652777777778
"Arnold Jeannesson",2012,120.273333333333
"Arnold Jeannesson",2013,142.0625
"Arnold Jeannesson",2014,166.463611111111
"Arnold Jeannesson",2015,106.339166666667
"Arnold Jeannesson",2016,157.855555555556
"Arthur Vichot",2010,123.749166666667
"Arthur Vichot",2011,133.433055555556
"Arthur Vichot",2012,136.160833333333
"Arthur Vichot",2013,162.911944444444
"Arthur Vichot",2014,120.150555555556
"Arthur Vichot",2015,130.319722222222
"Arthur Vichot",2016,144.726111111111
"Bartosz huzarski",2010,4.19333333333333
"Bartosz Huzarski",2010,104.136666666667
"Bartosz Huzarski",2011,116.981944444444
"Bartosz Huzarski",2012,166.123055555556
"Bartosz Huzarski",2013,133.385555555556
"Bartosz Huzarski",2014,138.038333333333
"Bartosz Huzarski",2015,116.831111111111
"Bartosz Huzarski",2016,76.0911111111111
"Bauke Mollema",2010,237.719722222222
"Bauke Mollema",2011,155.836944444444
"Bauke Mollema",2012,125.564166666667
"Bauke Mollema",2013,130.259722222222
"Bauke Mollema",2014,139.627777777778
"Bauke Mollema",2015,157.600555555556
"Bauke Mollema",2016,185.823333333333
"Ben Gastauer",2010,132.118333333333
"Ben Gastauer",2011,207.89
"Ben Gastauer",2012,191.949166666667
"Ben Gastauer",2013,195.234166666667
"Ben Gastauer",2014,144.166388888889
"Ben Gastauer",2015,181.620833333333
"Ben Gastauer",2016,172.446388888889
"Bernhard Eisel",2010,200.428611111111
"Bernhard Eisel",2011,158.726111111111
"Bernhard Eisel",2012,184.360555555556
"Bernhard Eisel",2013,91.6811111111111
"Bernhard Eisel",2014,183.078055555556
"Bernhard Eisel",2015,193.273333333333
"Bernhard Eisel",2016,131.974166666667
"Bertjan Lindeman",2010,35.2172222222222
"Bertjan Lindeman",2011,27.26
"Bertjan Lindeman",2012,42.2813888888889
"Bertjan Lindeman",2013,82.9436111111111
"Bertjan Lindeman",2014,13.9583333333333
"Bertjan Lindeman",2015,153.776666666667
"Bertjan Lindeman",2016,149.509166666667
"BertJan Lindeman",2010,51.5688888888889
"BertJan Lindeman",2011,15.6680555555556
"BertJan Lindeman",2012,51.2202777777778
"BertJan Lindeman",2013,41.3691666666667
"BertJan Lindeman",2014,57.1716666666667
"BertJan Lindeman",2015,23.1411111111111
"BertJan Lindeman",2016,4.58944444444444
"Brent Bookwalter",2010,168.983333333333
"Brent Bookwalter",2011,146.1225
"Brent Bookwalter",2012,154.838055555556
"Brent Bookwalter",2013,134.070833333333
"Brent Bookwalter",2014,131.773055555556
"Brent Bookwalter",2015,190.959444444444
"Brent Bookwalter",2016,153.499722222222
"Brice Feillu",2010,194.550833333333
"Brice Feillu",2011,151.1225
"Brice Feillu",2012,164.031944444444
"Brice Feillu",2013,138.251111111111
"Brice Feillu",2014,138.941111111111
"Brice Feillu",2015,118.729166666667
"Brice Feillu",2016,89.3269444444445
"Bryan Coquard",2010,20.2291666666667
"Bryan Coquard",2011,11.5327777777778
"Bryan Coquard",2012,12.6216666666667
"Bryan Coquard",2013,107.743611111111
"Bryan Coquard",2014,170.500277777778
"Bryan Coquard",2015,189.884722222222
"Bryan Coquard",2016,117.234166666667
"Cesare Benedetti",2010,117.511944444444
"Cesare Benedetti",2011,101.980833333333
"Cesare Benedetti",2012,182.406388888889
"Cesare Benedetti",2013,129.223888888889
"Cesare Benedetti",2014,140.541666666667
"Cesare Benedetti",2015,116.484166666667
"Cesare Benedetti",2016,116.946944444444
"Chris Anker Sorensen",2010,16.3213888888889
"Chris Anker Sorensen",2011,188.369166666667
"Chris Anker Sorensen",2012,137.539444444444
"Chris Anker Sorensen",2013,134.504444444444
"Chris Anker Sorensen",2014,160.762777777778
"Chris Anker Sorensen",2015,169.755
"Chris Anker Sorensen",2016,155.228888888889
"Christophe Laporte",2012,11.7558333333333
"Christophe Laporte",2013,1.12916666666667
"Christophe Laporte",2014,89.4672222222222
"Christophe Laporte",2015,142.653888888889
"Christophe Laporte",2016,122.098055555556
"Christopher Froome",2010,142.871388888889
"Christopher Froome",2011,156.716666666667
"Christopher Froome",2012,47.9613888888889
"Christopher Froome",2013,106.848611111111
"Christopher Froome",2014,93.7669444444444
"Christopher Froome",2015,102.349166666667
"Christopher Froome",2016,90.7802777777778
"Christopher Juul Jensen",2010,28.7302777777778
"Christopher Juul Jensen",2012,116.679444444444
"Christopher Juul Jensen",2013,115.946944444444
"Christopher Juul Jensen",2014,182.1475
"Christopher Juul Jensen",2015,185.425833333333
"Christopher Juul Jensen",2016,131.839166666667
"Cyril Gautier",2010,145.933055555556
"Cyril Gautier",2011,166.371944444444
"Cyril Gautier",2012,114.753333333333
"Cyril Gautier",2013,113.141111111111
"Cyril Gautier",2014,166.19
"Cyril Gautier",2015,157.341111111111
"Cyril Gautier",2016,161.650833333333
"Cyril Lemoine",2010,155.605
"Cyril Lemoine",2011,149.484444444444
"Cyril Lemoine",2012,85.2188888888889
"Cyril Lemoine",2013,86.0838888888889
"Cyril Lemoine",2014,124.364444444444
"Cyril Lemoine",2015,141.195833333333
"Cyril Lemoine",2016,154.521944444444
"Damiano Caruso",2010,122.788333333333
"Damiano Caruso",2011,190.598333333333
"Damiano Caruso",2012,158.496111111111
"Damiano Caruso",2013,200.510277777778
"Damiano Caruso",2014,156.687222222222
"Damiano Caruso",2015,170.742222222222
"Damiano Caruso",2016,172.138333333333
"Daniel Martin",2010,214.389444444444
"Daniel Martin",2011,143.553888888889
"Daniel Martin",2012,116.585555555556
"Daniel Martin",2013,118.803333333333
"Daniel Martin",2014,64.8819444444444
"Daniel Martin",2015,127.663333333333
"Daniel Martin",2016,160.4475
"Daniel Mclay",2010,30.1694444444444
"Daniel Mclay",2011,2.38416666666667
"Daniel Mclay",2012,4.15138888888889
"Daniel Mclay",2013,0
"Daniel Mclay",2015,95.1277777777778
"Daniel Mclay",2016,69.8208333333333
"Daniel McLay",2011,32.2791666666667
"Daniel McLay",2015,16.5425
"Daniel McLay",2016,21.0913888888889
"Daniel Moreno",2010,59.8111111111111
"Daniel Moreno",2012,15.2008333333333
"Daniel Moreno",2013,23.9019444444444
"Daniel Moreno",2016,82.2377777777778
"Daniel Teklehaimanot",2010,25.5486111111111
"Daniel Teklehaimanot",2011,57.9247222222222
"Daniel Teklehaimanot",2012,77.6197222222222
"Daniel Teklehaimanot",2013,25.69
"Daniel Teklehaimanot",2014,150.810555555556
"Daniel Teklehaimanot",2015,104.979166666667
"Daniel Teklehaimanot",2016,126.367777777778
"Daryl Impey",2010,75.5347222222222
"Daryl Impey",2011,117.506388888889
"Daryl Impey",2012,150.981111111111
"Daryl Impey",2013,142.899166666667
"Daryl Impey",2014,111.696944444444
"Daryl Impey",2015,139.508888888889
"Daryl Impey",2016,145.513611111111
"Davide Cimolai",2010,184.870833333333
"Davide Cimolai",2011,49.0325
"Davide Cimolai",2012,108.254444444444
"Davide Cimolai",2013,125.333611111111
"Davide Cimolai",2014,100.8425
"Davide Cimolai",2015,97.3025
"Davide Cimolai",2016,158.509166666667
"Diego Rosa",2010,2.07361111111111
"Diego Rosa",2011,1.35305555555556
"Diego Rosa",2012,39.1175
"Diego Rosa",2013,221.758611111111
"Diego Rosa",2014,127.892222222222
"Diego Rosa",2015,151.0375
"Diego Rosa",2016,141.968055555556
"Domenico Pozzovivo",2010,165.293055555556
"Domenico Pozzovivo",2011,166.183611111111
"Domenico Pozzovivo",2012,187.823888888889
"Domenico Pozzovivo",2013,225.527222222222
"Domenico Pozzovivo",2014,218.551666666667
"Domenico Pozzovivo",2015,128.263333333333
"Domenico Pozzovivo",2016,181.830833333333
"Dylan Groenewegen",2010,15.3641666666667
"Dylan Groenewegen",2011,0.808055555555556
"Dylan Groenewegen",2012,35.9652777777778
"Dylan Groenewegen",2013,68.8927777777778
"Dylan Groenewegen",2014,39.8127777777778
"Dylan Groenewegen",2015,152.614722222222
"Dylan Groenewegen",2016,118.410555555556
"Dylan van Baarle",2010,7.9675
"Dylan van Baarle",2011,29.3386111111111
"Dylan van Baarle",2012,19.895
"Dylan van Baarle",2013,23.0188888888889
"Dylan van Baarle",2014,14.3105555555556
"Dylan Van Baarle",2010,12.9594444444444
"Dylan Van Baarle",2011,34.1561111111111
"Dylan Van Baarle",2012,50.3208333333333
"Dylan Van Baarle",2013,7.37194444444444
"Dylan Van Baarle",2014,107.414166666667
"Dylan Van Baarle",2015,131.636666666667
"Dylan Van Baarle",2016,128.703055555556
"Eduardo Sepulveda",2011,20.4694444444444
"Eduardo Sepulveda",2012,36.1697222222222
"Eduardo Sepulveda",2013,69.7486111111111
"Eduardo Sepulveda",2014,112.781944444444
"Eduardo Sepulveda",2015,171.345833333333
"Eduardo Sepulveda",2016,75.8355555555556
"Edvald Boasson Hagen",2010,129.653888888889
"Edvald Boasson Hagen",2011,114.466666666667
"Edvald Boasson Hagen",2012,127.941666666667
"Edvald Boasson Hagen",2013,88.7619444444444
"Edvald Boasson Hagen",2014,173.685555555556
"Edvald Boasson Hagen",2015,182.438055555556
"Edvald Boasson Hagen",2016,150.431944444444
"Emanuel Buchmann",2010,5.24888888888889
"Emanuel Buchmann",2011,35.4988888888889
"Emanuel Buchmann",2012,32.5283333333333
"Emanuel Buchmann",2013,6.00972222222222
"Emanuel Buchmann",2014,28.0641666666667
"Emanuel Buchmann",2015,102.621666666667
"Emanuel Buchmann",2016,115.240833333333
"Fabio Aru",2010,42.9497222222222
"Fabio Aru",2011,53.4811111111111
"Fabio Aru",2012,43.2311111111111
"Fabio Aru",2013,166.915277777778
"Fabio Aru",2014,140.155555555556
"Fabio Aru",2015,148.191388888889
"Fabio Aru",2016,107.908055555556
"Fabio Sabatini",2010,229.526944444444
"Fabio Sabatini",2011,172.468055555556
"Fabio Sabatini",2012,208.003055555556
"Fabio Sabatini",2013,175.367222222222
"Fabio Sabatini",2014,181.474722222222
"Fabio Sabatini",2015,230.094444444444
"Fabio Sabatini",2016,199.965555555556
"Fabrice Jeandesboz",2010,147.309444444444
"Fabrice Jeandesboz",2011,124.458333333333
"Fabrice Jeandesboz",2012,153.230277777778
"Fabrice Jeandesboz",2013,94.3763888888889
"Fabrice Jeandesboz",2014,6.45111111111111
"Fabrice Jeandesboz",2015,130.254722222222
"Fabrice Jeandesboz",2016,97.6036111111111
"Florian Vachon",2010,163.823055555556
"Florian Vachon",2011,148.877222222222
"Florian Vachon",2012,175.6025
"Florian Vachon",2013,101.1975
"Florian Vachon",2014,135.000833333333
"Florian Vachon",2015,167.728055555556
"Florian Vachon",2016,139.295
"Frank Schleck",2010,158.136111111111
"Frank Schleck",2011,171.391944444444
"Frank Schleck",2012,200.2625
"Frank Schleck",2014,139.333055555556
"Frank Schleck",2015,117.976111111111
"Frank Schleck",2016,123.833055555556
"Geoffrey Soupe",2010,34.245
"Geoffrey Soupe",2011,79.5847222222222
"Geoffrey Soupe",2012,162.317777777778
"Geoffrey Soupe",2013,96.3922222222222
"Geoffrey Soupe",2014,130.548333333333
"Geoffrey Soupe",2015,162.753333333333
"Geoffrey Soupe",2016,178.331944444444
"George Bennett",2010,52.1327777777778
"George Bennett",2011,20.4236111111111
"George Bennett",2012,85.3794444444444
"George Bennett",2013,152.466666666667
"George Bennett",2014,154.151666666667
"George Bennett",2015,133.253333333333
"George Bennett",2016,94.6219444444444
"Georg Preidler",2010,34.4983333333333
"Georg Preidler",2011,68.0166666666667
"Georg Preidler",2012,123.4725
"Georg Preidler",2013,140.786666666667
"Georg Preidler",2014,211.3075
"Georg Preidler",2015,171.826388888889
"Georg Preidler",2016,231.149722222222
"Geraint Thomas",2010,152.480555555556
"Geraint Thomas",2011,205.826111111111
"Geraint Thomas",2012,156.476666666667
"Geraint Thomas",2013,90.1883333333333
"Geraint Thomas",2014,114.003333333333
"Geraint Thomas",2015,132.465277777778
"Geraint Thomas",2016,122.233055555556
"Greg Henderson",2010,70.7461111111111
"Greg Henderson",2011,129.455
"Greg Henderson",2012,96.9983333333333
"Greg Henderson",2013,72.2938888888889
"Greg Henderson",2014,114.564166666667
"Greg Henderson",2015,157.401944444444
"Greg Henderson",2016,67.6644444444444
"Gregory Rast",2010,142.482777777778
"Gregory Rast",2011,174.230277777778
"Gregory Rast",2012,169.213611111111
"Gregory Rast",2013,128.172777777778
"Gregory Rast",2014,172.371111111111
"Gregory Rast",2015,169.476111111111
"Gregory Rast",2016,165.078055555556
"GrEgory Rast",2014,15.6333333333333
"GrEgory Rast",2015,3.83055555555556
"Greg van Avermaet",2012,19.1252777777778
"Greg Van Avermaet",2010,191.078055555556
"Greg Van Avermaet",2011,181.135833333333
"Greg Van Avermaet",2012,165.258888888889
"Greg Van Avermaet",2013,160.045
"Greg Van Avermaet",2014,201.2025
"Greg Van Avermaet",2015,189.617222222222
"Greg Van Avermaet",2016,154.7625
"Haimar Zubeldia",2010,112.512777777778
"Haimar Zubeldia",2012,41.9436111111111
"Haimar Zubeldia",2014,36.6877777777778
"Haimar Zubeldia",2015,96.9425
"Haimar Zubeldia",2016,99.525
"Ian Stannard",2010,146.994444444444
"Ian Stannard",2011,179.145555555556
"Ian Stannard",2012,197.620555555556
"Ian Stannard",2013,91.6255555555556
"Ian Stannard",2014,69.5922222222222
"Ian Stannard",2015,141.9625
"Ian Stannard",2016,106.202777777778
"Iljo Keisse",2010,90.5255555555556
"Iljo Keisse",2011,30.4883333333333
"Iljo Keisse",2012,120.93
"Iljo Keisse",2013,186.445833333333
"Iljo Keisse",2014,186.193611111111
"Iljo Keisse",2015,222.065833333333
"Iljo Keisse",2016,139.011944444444
"Ilnur Zakarin",2011,37.8683333333333
"Ilnur Zakarin",2012,61.2516666666667
"Ilnur Zakarin",2013,88.1941666666667
"Ilnur Zakarin",2014,74.0077777777778
"Ilnur Zakarin",2015,181.396111111111
"Ilnur Zakarin",2016,170.428333333333
"Imanol Erviti Ollo",2010,59.9486111111111
"Imanol Erviti Ollo",2011,102.191944444444
"Imanol Erviti Ollo",2012,38.15
"Imanol Erviti Ollo",2013,101.280833333333
"Imanol Erviti Ollo",2014,52.5794444444444
"Imanol Erviti Ollo",2015,43.2780555555556
"Imanol Erviti Ollo",2016,103.068611111111
"Jacopo Guarnieri",2010,149.116944444444
"Jacopo Guarnieri",2011,100.773611111111
"Jacopo Guarnieri",2012,125.432777777778
"Jacopo Guarnieri",2013,157.180833333333
"Jacopo Guarnieri",2014,123.893055555556
"Jacopo Guarnieri",2015,158.593333333333
"Jacopo Guarnieri",2016,125.046111111111
"Jakob Fuglsang",2010,148.303055555556
"Jakob Fuglsang",2011,189.561388888889
"Jakob Fuglsang",2012,104.763611111111
"Jakob Fuglsang",2013,112.994722222222
"Jakob Fuglsang",2014,115.300833333333
"Jakob Fuglsang",2015,114.796944444444
"Jakob Fuglsang",2016,203.4975
"Jan Bakelants",2010,5.20527777777778
"Jan Bakelants",2011,126.108888888889
"Jan Bakelants",2012,204.309166666667
"Jan Bakelants",2013,70.8161111111111
"Jan Bakelants",2014,137.025555555556
"Jan Bakelants",2015,162.661944444444
"Jan Bakelants",2016,173.999722222222
"Jan Barta",2010,121.181944444444
"Jan Barta",2011,128.4025
"Jan Barta",2012,157.557777777778
"Jan Barta",2013,150.600833333333
"Jan Barta",2014,96.2972222222222
"Jan Barta",2015,118.086111111111
"Jan Barta",2016,110.668888888889
"Jan Polanc",2010,28.2380555555556
"Jan Polanc",2011,61.505
"Jan Polanc",2012,27.1483333333333
"Jan Polanc",2013,13.1058333333333
"Jan Polanc",2014,179.520833333333
"Jan Polanc",2015,197.495277777778
"Jan Polanc",2016,173.050277777778
"Jarlinson Pantano",2010,27.7525
"Jarlinson Pantano",2011,110.291388888889
"Jarlinson Pantano",2012,50.3280555555556
"Jarlinson Pantano",2013,117.095833333333
"Jarlinson Pantano",2014,199.5
"Jarlinson Pantano",2015,104.303055555556
"Jarlinson Pantano",2016,126.807777777778
"Jasper Stuyven",2010,27.3505555555556
"Jasper Stuyven",2011,4.485
"Jasper Stuyven",2012,59.6636111111111
"Jasper Stuyven",2013,48.6297222222222
"Jasper Stuyven",2014,100.4925
"Jasper Stuyven",2015,130.701388888889
"Jasper Stuyven",2016,127.609722222222
"Jeremy Roy",2010,166.320833333333
"Jeremy Roy",2011,143.396111111111
"Jeremy Roy",2012,194.291111111111
"Jeremy Roy",2013,120.364166666667
"Jeremy Roy",2014,180.796388888889
"Jeremy Roy",2015,156.488888888889
"Jeremy Roy",2016,89.0594444444444
"JErEmy Roy",2014,10.7530555555556
"Jerome Coppel",2010,156.55
"Jerome Coppel",2011,128.990277777778
"Jerome Coppel",2012,152.655833333333
"Jerome Coppel",2013,94.4133333333333
"Jerome Coppel",2014,119.090555555556
"Jerome Coppel",2015,123.981666666667
"Jerome Coppel",2016,173.461666666667
"Jerome Cousin",2010,43.5694444444444
"Jerome Cousin",2011,116.354722222222
"Jerome Cousin",2012,154.476666666667
"Jerome Cousin",2013,66.5855555555556
"Jerome Cousin",2014,127.27
"Jerome Cousin",2015,155.177222222222
"Jerome Cousin",2016,105.619722222222
"Joaquim Rodriguez",2010,35.3202777777778
"Joaquim Rodriguez",2013,26.7677777777778
"Joaquim Rodriguez",2014,18.8536111111111
"Joaquim Rodriguez",2015,104.531111111111
"Joaquim Rodriguez",2016,21.9941666666667
"John Degenkolb",2010,92.9244444444444
"John Degenkolb",2011,111.066388888889
"John Degenkolb",2012,150.256111111111
"John Degenkolb",2013,123.194166666667
"John Degenkolb",2014,197.401666666667
"John Degenkolb",2015,160.567222222222
"John Degenkolb",2016,39.1897222222222
"Jon Izaguirre",2010,21.5388888888889
"Jon Izaguirre",2011,18.0433333333333
"Jon Izaguirre",2016,86.4666666666667
"Julian Alaphilippe",2010,1.39111111111111
"Julian Alaphilippe",2012,20.4091666666667
"Julian Alaphilippe",2013,7.83972222222222
"Julian Alaphilippe",2014,109.370277777778
"Julian Alaphilippe",2015,140.452222222222
"Julian Alaphilippe",2016,109.923611111111
"Julien Vermote",2010,48.2508333333333
"Julien Vermote",2011,184.476944444444
"Julien Vermote",2012,194.854444444444
"Julien Vermote",2013,187.985277777778
"Julien Vermote",2014,200.006666666667
"Julien Vermote",2015,162.000277777778
"Julien Vermote",2016,168.014166666667
"Jurgen Roelandts",2010,162.1375
"Jurgen Roelandts",2011,186.528888888889
"Jurgen Roelandts",2012,66.0497222222222
"Jurgen Roelandts",2013,105.219722222222
"Jurgen Roelandts",2014,123.475277777778
"Jurgen Roelandts",2015,140.063611111111
"Jurgen Roelandts",2016,159.522222222222
"Kristijan Durasek",2010,102.441944444444
"Kristijan Durasek",2011,122.338888888889
"Kristijan Durasek",2012,40.7125
"Kristijan Durasek",2013,211.041666666667
"Kristijan Durasek",2014,130.009444444444
"Kristijan Durasek",2015,116.959444444444
"Kristijan Durasek",2016,127.6725
"Kristijan Koren",2010,143.664722222222
"Kristijan Koren",2011,104.458888888889
"Kristijan Koren",2012,90.5083333333333
"Kristijan Koren",2013,138.516944444444
"Kristijan Koren",2014,164.941388888889
"Kristijan Koren",2015,139.618611111111
"Kristijan Koren",2016,122.292777777778
"Lars Ytting Bak",2010,151.333611111111
"Lars Ytting Bak",2011,212.424444444444
"Lars Ytting Bak",2012,133.723333333333
"Lars Ytting Bak",2013,104.794722222222
"Lars Ytting Bak",2014,192.044722222222
"Lars Ytting Bak",2015,160.455
"Lars Ytting Bak",2016,149.151388888889
"Laurens ten Dam",2011,17.9175
"Laurens ten Dam",2014,68.9997222222222
"Laurens ten Dam",2015,34.5783333333333
"Laurens ten Dam",2016,4.58944444444444
"Laurens Ten Dam",2010,129.429722222222
"Laurens Ten Dam",2011,171.461388888889
"Laurens Ten Dam",2012,175.296111111111
"Laurens Ten Dam",2013,170.430555555556
"Laurens Ten Dam",2014,116.501388888889
"Laurens Ten Dam",2015,105.504166666667
"Laurens Ten Dam",2016,118.019444444444
"Lawson Craddock",2010,25.2666666666667
"Lawson Craddock",2011,32.0638888888889
"Lawson Craddock",2012,64.7766666666667
"Lawson Craddock",2013,41.6794444444444
"Lawson Craddock",2014,170.068333333333
"Lawson Craddock",2015,115.513611111111
"Lawson Craddock",2016,112.868888888889
"Leigh Howard",2010,73.8175
"Leigh Howard",2011,86.2769444444444
"Leigh Howard",2012,133.985555555556
"Leigh Howard",2013,114.461666666667
"Leigh Howard",2014,185.220833333333
"Leigh Howard",2015,56.8783333333333
"Leigh Howard",2016,138.805833333333
"Louis Meintjes",2010,4.93833333333333
"Louis Meintjes",2011,26.48
"Louis Meintjes",2013,85.5147222222222
"Louis Meintjes",2014,134.9025
"Louis Meintjes",2015,169.309444444444
"Louis Meintjes",2016,106.182777777778
"Luis Angel Mate",2010,9.76361111111111
"Luis Angel Mate",2011,11.345
"Luis Angel Mate",2012,26.7925
"Luis Angel Mate",2013,12.2194444444444
"Luis Angel Mate",2014,8.61111111111111
"Luis Angel Mate",2015,116.421111111111
"Luis Angel Mate",2016,101.994444444444
"Luis Leon Sanchez",2010,79.9402777777778
"Luis Leon Sanchez",2011,0.945277777777778
"Luis Leon Sanchez",2012,65.7836111111111
"Luis Leon Sanchez",2013,5.45583333333333
"Luis Leon Sanchez",2014,48.8344444444444
"Luis Leon Sanchez",2015,168.010833333333
"Luis Leon Sanchez",2016,112.218611111111
"Luka Pibernik",2010,6.27
"Luka Pibernik",2011,18.4577777777778
"Luka Pibernik",2012,27.5302777777778
"Luka Pibernik",2013,13.6052777777778
"Luka Pibernik",2014,22.2252777777778
"Luka Pibernik",2015,122.165
"Luka Pibernik",2016,139.295833333333
"Luke Durbridge",2010,62.1375
"Luke Durbridge",2011,61.3444444444444
"Luke Durbridge",2012,113.879722222222
"Luke Durbridge",2013,189.050277777778
"Luke Durbridge",2014,92.9386111111111
"Luke Durbridge",2015,147.28
"Luke Durbridge",2016,110.004722222222
"Luke Rowe",2010,83.3358333333333
"Luke Rowe",2011,107.106944444444
"Luke Rowe",2012,151.439722222222
"Luke Rowe",2013,101.688888888889
"Luke Rowe",2014,187.346944444444
"Luke Rowe",2015,115.859722222222
"Luke Rowe",2016,120.719444444444
"Maarten Wynants",2010,169.846666666667
"Maarten Wynants",2011,136.888888888889
"Maarten Wynants",2012,158.386944444444
"Maarten Wynants",2013,136.888888888889
"Maarten Wynants",2014,177.996944444444
"Maarten Wynants",2015,171.047222222222
"Maarten Wynants",2016,121.544444444444
"Maciej Bodnar",2010,147.449722222222
"Maciej Bodnar",2011,134.980555555556
"Maciej Bodnar",2012,213.2225
"Maciej Bodnar",2013,144.965833333333
"Maciej Bodnar",2014,158.838055555556
"Maciej Bodnar",2015,84.1633333333333
"Maciej Bodnar",2016,125.3575
"Marcel Kittel",2010,16.4297222222222
"Marcel Kittel",2011,116.176666666667
"Marcel Kittel",2012,150.612222222222
"Marcel Kittel",2013,115.526111111111
"Marcel Kittel",2014,85.3813888888889
"Marcel Kittel",2015,46.4672222222222
"Marcel Kittel",2016,127.571111111111
"Marcel Sieberg",2010,171.1625
"Marcel Sieberg",2011,202.724166666667
"Marcel Sieberg",2012,179.975555555556
"Marcel Sieberg",2013,110.300555555556
"Marcel Sieberg",2014,130.896111111111
"Marcel Sieberg",2015,163.946666666667
"Marcel Sieberg",2016,99.9816666666667
"Marco Haller",2010,20.5130555555556
"Marco Haller",2011,52.8319444444444
"Marco Haller",2012,129.761111111111
"Marco Haller",2013,132.620833333333
"Marco Haller",2014,192.256388888889
"Marco Haller",2015,151.557222222222
"Marco Haller",2016,159.023333333333
"Marcus Burghardt",2010,153.087222222222
"Marcus Burghardt",2011,141.534722222222
"Marcus Burghardt",2012,140.191944444444
"Marcus Burghardt",2013,132.916944444444
"Marcus Burghardt",2014,182.533333333333
"Marcus Burghardt",2015,204.9725
"Marcus Burghardt",2016,143.064444444444
"Markel Irizar",2010,17.2394444444444
"Markel Irizar",2011,18.1416666666667
"Markel Irizar",2012,51.6644444444444
"Markel Irizar",2013,15.6691666666667
"Markel Irizar",2014,24.6402777777778
"Markel Irizar",2015,95.3858333333333
"Markel Irizar",2016,74.9177777777778
"Martin Elmiger",2010,158.046388888889
"Martin Elmiger",2011,158.770833333333
"Martin Elmiger",2012,187.855555555556
"Martin Elmiger",2013,122.596388888889
"Martin Elmiger",2014,138.664166666667
"Martin Elmiger",2015,133.785833333333
"Martin Elmiger",2016,159.751666666667
"Mathew Hayman",2010,227.897222222222
"Mathew Hayman",2011,175.017222222222
"Mathew Hayman",2012,163.277222222222
"Mathew Hayman",2013,98.1894444444444
"Mathew Hayman",2014,174.513611111111
"Mathew Hayman",2015,148.305833333333
"Mathew Hayman",2016,84.7555555555556
"Matteo Bono",2010,269.164166666667
"Matteo Bono",2011,206.226388888889
"Matteo Bono",2012,175.585277777778
"Matteo Bono",2013,126.368888888889
"Matteo Bono",2014,144.075
"Matteo Bono",2015,158.605555555556
"Matteo Bono",2016,187.458611111111
"Matteo Tosatto",2010,194.2375
"Matteo Tosatto",2011,211.471666666667
"Matteo Tosatto",2012,179.379166666667
"Matteo Tosatto",2013,141.84
"Matteo Tosatto",2014,134.921388888889
"Matteo Tosatto",2015,184.661666666667
"Matteo Tosatto",2016,171.278333333333
"Maximiliano Richeze",2011,26.6933333333333
"Maximiliano Richeze",2012,96.2508333333333
"Maximiliano Richeze",2013,54.6116666666667
"Maximiliano Richeze",2014,43.1766666666667
"Maximiliano Richeze",2015,178.921944444444
"Maximiliano Richeze",2016,53.4397222222222
"Michael Albasini",2010,260.761388888889
"Michael Albasini",2011,185.541666666667
"Michael Albasini",2012,160.65
"Michael Albasini",2013,137.766666666667
"Michael Albasini",2014,158.143611111111
"Michael Albasini",2015,146.061944444444
"Michael Albasini",2016,163.403333333333
"Michael Matthews",2010,129.919166666667
"Michael Matthews",2011,128.241944444444
"Michael Matthews",2012,159.465
"Michael Matthews",2013,106.995277777778
"Michael Matthews",2014,122.733611111111
"Michael Matthews",2015,129.577222222222
"Michael Matthews",2016,109.608055555556
"Michael Schar",2010,170.340555555556
"Michael Schar",2011,206.608888888889
"Michael Schar",2012,134.812222222222
"Michael Schar",2013,143.688055555556
"Michael Schar",2014,175.803611111111
"Michael Schar",2015,151.568611111111
"Michael Schar",2016,134.410277777778
"Michael Valgren",2010,8.46333333333333
"Michael Valgren",2011,10.9680555555556
"Michael Valgren",2014,20.0144444444444
"Michael Valgren",2015,8.99555555555555
"Michael Valgren",2016,113.189444444444
"Mikael Cherel",2010,71.7138888888889
"Mikael Cherel",2011,261.399722222222
"Mikael Cherel",2012,164.991111111111
"Mikael Cherel",2013,136.000277777778
"Mikael Cherel",2014,114.940555555556
"Mikael Cherel",2015,167.260277777778
"Mikael Cherel",2016,165.744166666667
"Mikel Landa Meana",2010,45.2866666666667
"Mikel Landa Meana",2011,72.3119444444444
"Mikel Landa Meana",2012,119.448055555556
"Mikel Landa Meana",2013,88.2327777777778
"Mikel Landa Meana",2014,179.6175
"Mikel Landa Meana",2015,154.835
"Mikel Landa Meana",2016,108.305555555556
"Mikel Nieve",2010,108.072777777778
"Mikel Nieve",2012,9.77416666666667
"Mikel Nieve",2013,18.2655555555556
"Mikel Nieve",2015,154.804444444444
"Mikel Nieve",2016,154.584166666667
"Nairo Quintana",2012,36.9258333333333
"Nairo Quintana",2013,0.116666666666667
"Nairo Quintana",2015,94.9591666666667
"Nairo Quintana",2016,62.6019444444444
"Natnael Berhane",2010,13.6772222222222
"Natnael Berhane",2011,49.9763888888889
"Natnael Berhane",2012,13.3911111111111
"Natnael Berhane",2013,128.918611111111
"Natnael Berhane",2014,114.977777777778
"Natnael Berhane",2015,129.113333333333
"Natnael Berhane",2016,133.405555555556
"Nelson Oliveira",2010,106.301388888889
"Nelson Oliveira",2011,100.756111111111
"Nelson Oliveira",2012,176.833055555556
"Nelson Oliveira",2014,47.2680555555556
"Nelson Oliveira",2015,113.005555555556
"Nelson Oliveira",2016,80.5477777777778
"Nicolas Edet",2010,28.7672222222222
"Nicolas Edet",2011,135.864444444444
"Nicolas Edet",2012,143.386666666667
"Nicolas Edet",2013,143.591388888889
"Nicolas Edet",2014,76.3991666666667
"Nicolas Edet",2015,144.938611111111
"Nicolas Edet",2016,155.442222222222
"Oliver Naesen",2012,11.9105555555556
"Oliver Naesen",2014,21.2288888888889
"Oliver Naesen",2015,187.548888888889
"Oliver Naesen",2016,151.491388888889
"Oscar Gatto",2010,172.430277777778
"Oscar Gatto",2011,226.703611111111
"Oscar Gatto",2012,175.108888888889
"Oscar Gatto",2013,186.674444444444
"Oscar Gatto",2014,230.438888888889
"Oscar Gatto",2015,170.758333333333
"Oscar Gatto",2016,154.610555555556
"Paolo Tiralongo",2010,155.007222222222
"Paolo Tiralongo",2011,194.908055555556
"Paolo Tiralongo",2012,159.848888888889
"Paolo Tiralongo",2013,155.3675
"Paolo Tiralongo",2014,149.578611111111
"Paolo Tiralongo",2015,163.377777777778
"Paolo Tiralongo",2016,122.544722222222
"Patrick Konrad",2010,59.4608333333333
"Patrick Konrad",2011,37.3586111111111
"Patrick Konrad",2012,19.6483333333333
"Patrick Konrad",2014,4.5325
"Patrick Konrad",2015,110.992222222222
"Patrick Konrad",2016,109.812222222222
"Paul Martens",2010,188.529444444444
"Paul Martens",2011,167.686666666667
"Paul Martens",2012,152.149722222222
"Paul Martens",2013,192.826111111111
"Paul Martens",2014,132.341944444444
"Paul Martens",2015,111.518888888889
"Paul Martens",2016,197.064444444444
"Paul Voss",2010,146.673611111111
"Paul Voss",2011,57.2163888888889
"Paul Voss",2012,109.779166666667
"Paul Voss",2013,144.1625
"Paul Voss",2014,124.001111111111
"Paul Voss",2015,107.2875
"Paul Voss",2016,133.101111111111
"Peter Sagan",2010,136.856666666667
"Peter Sagan",2011,140.893055555556
"Peter Sagan",2012,158.554166666667
"Peter Sagan",2013,166.621111111111
"Peter Sagan",2014,209.148055555556
"Peter Sagan",2015,148.671944444444
"Peter Sagan",2016,128.000555555556
"Peter Stetina",2010,163.728333333333
"Peter Stetina",2011,230.428888888889
"Peter Stetina",2012,192.990555555556
"Peter Stetina",2013,197.773333333333
"Peter Stetina",2014,190.798055555556
"Peter Stetina",2015,52.2797222222222
"Peter Stetina",2016,169.245
"Petr Vakoc",2010,12.9469444444444
"Petr Vakoc",2011,77.3630555555556
"Petr Vakoc",2012,16.3791666666667
"Petr Vakoc",2013,5.345
"Petr Vakoc",2014,119.379444444444
"Petr Vakoc",2015,226.056388888889
"Petr Vakoc",2016,121.453055555556
"PierreLuc Perichon",2010,29.0533333333333
"PierreLuc Perichon",2011,12.3016666666667
"PierreLuc Perichon",2012,33.3922222222222
"PierreLuc Perichon",2013,12.5725
"PierreLuc Perichon",2014,13.8455555555556
"PierreLuc Perichon",2015,74.7230555555556
"PierreLuc Perichon",2016,76.5005555555556
"Pierre Rolland",2010,179.196111111111
"Pierre Rolland",2011,224.143333333333
"Pierre Rolland",2012,157.361666666667
"Pierre Rolland",2013,169.931666666667
"Pierre Rolland",2014,197.545833333333
"Pierre Rolland",2015,205.579722222222
"Pierre Rolland",2016,142.605
"Rafal Majka",2010,32.7725
"Rafal Majka",2011,130.456666666667
"Rafal Majka",2012,62.7205555555556
"Rafal Majka",2013,128.228888888889
"Rafal Majka",2014,163.592777777778
"Rafal Majka",2015,147.259444444444
"Rafal Majka",2016,195.5175
"Ramon Sinkeldam",2010,124.193055555556
"Ramon Sinkeldam",2011,107.188611111111
"Ramon Sinkeldam",2012,114.673888888889
"Ramon Sinkeldam",2013,147.102777777778
"Ramon Sinkeldam",2014,173.436111111111
"Ramon Sinkeldam",2015,168.347777777778
"Ramon Sinkeldam",2016,72.4566666666667
"Ramunas Navardauskas",2010,46.8816666666667
"Ramunas Navardauskas",2011,168.756388888889
"Ramunas Navardauskas",2012,179.084166666667
"Ramunas Navardauskas",2013,127.618888888889
"Ramunas Navardauskas",2014,120.001111111111
"Ramunas Navardauskas",2015,121.516388888889
"Ramunas Navardauskas",2016,200.7
"Reinardt Janse van Rensburg",2012,4.58527777777778
"Reinardt Janse Van Rensburg",2010,56.6894444444444
"Reinardt Janse Van Rensburg",2011,102.639166666667
"Reinardt Janse Van Rensburg",2012,31.3577777777778
"Reinardt Janse Van Rensburg",2013,96.6361111111111
"Reinardt Janse Van Rensburg",2014,107.949166666667
"Reinardt Janse Van Rensburg",2015,134.123888888889
"Reinardt Janse Van Rensburg",2016,147.288888888889
"Reto Hollenstein",2010,136.010833333333
"Reto Hollenstein",2011,62.6680555555556
"Reto Hollenstein",2012,117.228333333333
"Reto Hollenstein",2013,141.08
"Reto Hollenstein",2014,149.413333333333
"Reto Hollenstein",2015,94.3066666666667
"Reto Hollenstein",2016,197.336111111111
"Richie Porte",2010,235.058055555556
"Richie Porte",2011,265.586111111111
"Richie Porte",2012,124.07
"Richie Porte",2013,99.2922222222222
"Richie Porte",2014,77.6608333333333
"Richie Porte",2015,164.303055555556
"Richie Porte",2016,122.054444444444
"Robert Kiserlovski",2010,204.703888888889
"Robert Kiserlovski",2011,152.573333333333
"Robert Kiserlovski",2012,125.455
"Robert Kiserlovski",2013,137.333888888889
"Robert Kiserlovski",2014,168.930555555556
"Robert Kiserlovski",2015,151.635833333333
"Robert Kiserlovski",2016,122.964444444444
"Robert Wagner",2010,126.239722222222
"Robert Wagner",2011,95.1027777777778
"Robert Wagner",2012,62.8172222222222
"Robert Wagner",2013,127.713333333333
"Robert Wagner",2014,148.293611111111
"Robert Wagner",2015,100.8925
"Robert Wagner",2016,121.306666666667
"Romain Bardet",2010,44.3472222222222
"Romain Bardet",2011,68.7038888888889
"Romain Bardet",2012,137.636944444444
"Romain Bardet",2013,111.389444444444
"Romain Bardet",2014,159.806666666667
"Romain Bardet",2015,166.201944444444
"Romain Bardet",2016,194.439166666667
"Romain Sicard",2010,152.378611111111
"Romain Sicard",2011,58.8647222222222
"Romain Sicard",2012,132.234444444444
"Romain Sicard",2013,114.856666666667
"Romain Sicard",2014,220.280555555556
"Romain Sicard",2015,175.090555555556
"Romain Sicard",2016,132.637777777778
"Roman Kreuziger",2010,154.314166666667
"Roman Kreuziger",2011,201.596944444444
"Roman Kreuziger",2012,197.195277777778
"Roman Kreuziger",2013,126.354166666667
"Roman Kreuziger",2014,136.539166666667
"Roman Kreuziger",2015,166.178888888889
"Roman Kreuziger",2016,179.294444444444
"Roy Curvers",2010,142.062777777778
"Roy Curvers",2011,128.597222222222
"Roy Curvers",2012,136.726666666667
"Roy Curvers",2013,124.426666666667
"Roy Curvers",2014,152.783055555556
"Roy Curvers",2015,137.935833333333
"Roy Curvers",2016,165.020555555556
"Ruben Plaza",2010,30.8816666666667
"Ruben Plaza",2012,20.7605555555556
"Ruben Plaza",2013,20.8311111111111
"Ruben Plaza",2014,13.5702777777778
"Ruben Plaza",2016,120.472222222222
"Rui Costa",2010,19.9838888888889
"Rui Costa",2011,0
"Rui Costa",2012,70.6022222222222
"Rui Costa",2013,2.65194444444444
"Rui Costa",2014,20.1072222222222
"Rui Costa",2015,106.548333333333
"Rui Costa",2016,96.9008333333333
"Sam Bennett",2010,61.1397222222222
"Sam Bennett",2011,72.9333333333333
"Sam Bennett",2012,54.5158333333333
"Sam Bennett",2013,42.1791666666667
"Sam Bennett",2014,114.939444444444
"Sam Bennett",2015,110.257222222222
"Sam Bennett",2016,129.334722222222
"Samuel Dumoulin",2010,177.385277777778
"Samuel Dumoulin",2011,142.54
"Samuel Dumoulin",2012,160.899722222222
"Samuel Dumoulin",2013,130.658611111111
"Samuel Dumoulin",2014,158.046388888889
"Samuel Dumoulin",2015,122.1075
"Samuel Dumoulin",2016,119.415
"Sebastien Reichenbach",2010,63.8036111111111
"Sebastien Reichenbach",2011,73.4111111111111
"Sebastien Reichenbach",2012,9.24277777777778
"Sebastien Reichenbach",2013,110.912222222222
"Sebastien Reichenbach",2014,144.320277777778
"Sebastien Reichenbach",2015,195.479722222222
"Sebastien Reichenbach",2016,141.851666666667
"Sep Vanmarcke",2010,110.761944444444
"Sep Vanmarcke",2011,87.3561111111111
"Sep Vanmarcke",2012,122.482777777778
"Sep Vanmarcke",2013,119.021944444444
"Sep Vanmarcke",2014,159.799444444444
"Sep Vanmarcke",2015,151.995833333333
"Sep Vanmarcke",2016,110.591388888889
"Serge Pauwels",2010,128.148611111111
"Serge Pauwels",2011,98.3358333333333
"Serge Pauwels",2012,205.366111111111
"Serge Pauwels",2013,236.980277777778
"Serge Pauwels",2014,149.046111111111
"Serge Pauwels",2015,140.361111111111
"Serge Pauwels",2016,154.615555555556
"Sergio Henao",2013,6.59611111111111
"Sergio Henao",2016,75.8819444444444
"Simon Geschke",2010,172.425277777778
"Simon Geschke",2011,142.825555555556
"Simon Geschke",2012,101.306388888889
"Simon Geschke",2013,142.570555555556
"Simon Geschke",2014,175.795
"Simon Geschke",2015,160.625555555556
"Simon Geschke",2016,193.412222222222
"Sondre Holst Enger",2012,41.8102777777778
"Sondre Holst Enger",2013,5.08
"Sondre Holst Enger",2014,20.8116666666667
"Sondre Holst Enger",2015,54.6641666666667
"Sondre Holst Enger",2016,121.377777777778
"Stef Clement",2010,127.381944444444
"Stef Clement",2011,198.629722222222
"Stef Clement",2012,212.472777777778
"Stef Clement",2013,193.018888888889
"Stef Clement",2014,171.058888888889
"Stef Clement",2015,136.164722222222
"Stef Clement",2016,106.123055555556
"Stephen Cummings",2010,119.391111111111
"Stephen Cummings",2011,126.443888888889
"Stephen Cummings",2012,80.0583333333333
"Stephen Cummings",2013,204.348055555556
"Stephen Cummings",2014,91.8652777777778
"Stephen Cummings",2015,118.714722222222
"Stephen Cummings",2016,106.581666666667
"Steve Morabito",2010,137.015555555556
"Steve Morabito",2011,166.981388888889
"Steve Morabito",2012,105.383888888889
"Steve Morabito",2013,158.204722222222
"Steve Morabito",2014,191.415
"Steve Morabito",2015,120.226388888889
"Steve Morabito",2016,107.875555555556
"Sylvain Chavanel",2010,123.524722222222
"Sylvain Chavanel",2011,164.542777777778
"Sylvain Chavanel",2012,140.63
"Sylvain Chavanel",2013,119.525833333333
"Sylvain Chavanel",2014,162.0275
"Sylvain Chavanel",2015,197.674166666667
"Sylvain Chavanel",2016,190.109444444444
"Tanel Kangert",2010,12.6047222222222
"Tanel Kangert",2011,137.965833333333
"Tanel Kangert",2012,181.708055555556
"Tanel Kangert",2013,192.435833333333
"Tanel Kangert",2014,130.535555555556
"Tanel Kangert",2015,146.664722222222
"Tanel Kangert",2016,193.599722222222
"Tejay van Garderen",2013,96.8813888888889
"Tejay van Garderen",2014,46.5088888888889
"Tejay van Garderen",2015,21.1627777777778
"Tejay van Garderen",2016,58.8394444444444
"Tejay Van Garderen",2010,160.221111111111
"Tejay Van Garderen",2011,182.273888888889
"Tejay Van Garderen",2012,149.181944444444
"Tejay Van Garderen",2013,4.10916666666667
"Tejay Van Garderen",2014,58.8425
"Tejay Van Garderen",2015,117.630555555556
"Tejay Van Garderen",2016,89.9572222222222
"Thomas De Gendt",2010,146.246666666667
"Thomas De Gendt",2011,168.280833333333
"Thomas De Gendt",2012,241.356111111111
"Thomas De Gendt",2013,156.518055555556
"Thomas De Gendt",2014,164.878888888889
"Thomas De Gendt",2015,156.664722222222
"Thomas De Gendt",2016,121.240277777778
"Thomas Voeckler",2010,256.284722222222
"Thomas Voeckler",2011,221.800555555556
"Thomas Voeckler",2012,163.1225
"Thomas Voeckler",2013,154.478055555556
"Thomas Voeckler",2014,182.288055555556
"Thomas Voeckler",2015,254.388611111111
"Thomas Voeckler",2016,209.260277777778
"Timo Roosen",2010,13.9483333333333
"Timo Roosen",2012,4.39777777777778
"Timo Roosen",2014,27.6113888888889
"Timo Roosen",2015,157.964722222222
"Timo Roosen",2016,119.333333333333
"Tom Jelte Slagter",2010,64.6602777777778
"Tom Jelte Slagter",2011,110.594166666667
"Tom Jelte Slagter",2012,219.348333333333
"Tom Jelte Slagter",2013,147.0375
"Tom Jelte Slagter",2014,119.558611111111
"Tom Jelte Slagter",2015,180.580555555556
"Tom Jelte Slagter",2016,188.176388888889
"Tony Gallopin",2010,66.0627777777778
"Tony Gallopin",2011,105.420277777778
"Tony Gallopin",2012,127.647777777778
"Tony Gallopin",2013,120.097777777778
"Tony Gallopin",2014,139.460555555556
"Tony Gallopin",2015,158.329166666667
"Tony Gallopin",2016,174.884722222222
"Tsgabu Grmay",2011,13.7477777777778
"Tsgabu Grmay",2012,14.8763888888889
"Tsgabu Grmay",2013,37.5894444444444
"Tsgabu Grmay",2014,47.9075
"Tsgabu Grmay",2015,169.941666666667
"Tsgabu Grmay",2016,97.4969444444444
"Vasil Kiryienka",2010,121.783055555556
"Vasil Kiryienka",2012,73.7
"Vasil Kiryienka",2013,102.386388888889
"Vasil Kiryienka",2014,121.104444444444
"Vasil Kiryienka",2015,209.660555555556
"Vasil Kiryienka",2016,201.95
"Vegard Breen",2010,64.6358333333333
"Vegard Breen",2011,79.0069444444444
"Vegard Breen",2012,57.1147222222222
"Vegard Breen",2013,46.7716666666667
"Vegard Breen",2014,158.845277777778
"Vegard Breen",2015,59.5530555555556
"Vegard Breen",2016,129.064722222222
"Vincenzo Nibali",2010,218.313611111111
"Vincenzo Nibali",2011,170.323333333333
"Vincenzo Nibali",2012,158.020555555556
"Vincenzo Nibali",2013,192.798611111111
"Vincenzo Nibali",2014,145.245277777778
"Vincenzo Nibali",2015,141.834722222222
"Vincenzo Nibali",2016,214.055277777778
"Warren Barguil",2010,13.4686111111111
"Warren Barguil",2011,42.5105555555556
"Warren Barguil",2012,20.3969444444444
"Warren Barguil",2013,123.849444444444
"Warren Barguil",2014,160.583333333333
"Warren Barguil",2015,125.542777777778
"Warren Barguil",2016,121.229722222222
"Wilco Kelderman",2010,81.8347222222222
"Wilco Kelderman",2011,93.4219444444444
"Wilco Kelderman",2012,164.468333333333
"Wilco Kelderman",2013,179.3
"Wilco Kelderman",2014,205.166388888889
"Wilco Kelderman",2015,141.119166666667
"Wilco Kelderman",2016,155.415
"William Bonnet",2010,192.09
"William Bonnet",2011,98.3641666666667
"William Bonnet",2012,179.125833333333
"William Bonnet",2013,126.377222222222
"William Bonnet",2014,118.305555555556
"William Bonnet",2015,157.7825
"William Bonnet",2016,117.547222222222
"Winner Anacona",2015,89.8022222222222
"Winner Anacona",2016,87.9975
"Wouter Poels",2010,126.115833333333
"Wouter Poels",2011,52.8483333333333
"Wouter Poels",2012,38.5836111111111
"Wouter Poels",2013,119.378611111111
"Wouter Poels",2014,30.9775
"Wouter Poels",2015,108.306388888889
"Wouter Poels",2016,147.549444444444
"Yohann Gene",2010,168.865833333333
"Yohann Gene",2011,136.925277777778
"Yohann Gene",2012,151.0425
"Yohann Gene",2013,108.360277777778
"Yohann Gene",2014,138.1725
"Yohann Gene",2015,145.797222222222
"Yohann Gene",2016,113.473333333333
"Yukiya Arashiro",2010,163.041111111111
"Yukiya Arashiro",2011,142.268333333333
"Yukiya Arashiro",2012,111.069166666667
"Yukiya Arashiro",2013,145.951944444444
"Yukiya Arashiro",2014,187.011944444444
"Yukiya Arashiro",2015,106.212222222222
"Yukiya Arashiro",2016,60.5483333333333
